id;first_name;last_name;gender;email;phone;address_line_1;address_line_2;city;country;user_id
1;Alfredo;Gleason;MALE;hA,-`2lyH*{j^}HYX8R,7rse/6@q9!1[V/vK">z[Jl+1.<?tjhC)NuT6AD)RU9r9MgxtlZR2FcM:njY>4yST#,WE?cCLi5.iU)D`mvmd/O58;(154) 495-2560 x7322;cross-platform Point Orchestrator;Solomon Islands Licensed;Corwinborough;Lithuania;1
2;Maurice;Bauch;OTHER;3a0c&Q.["RJ`uhpb8%s)X`$-f}{JEP[9/Nv}w_m|)KK*2{("#[=wnz8.?rQ:@[WkX2SZO:`zK7,I`LI{Bh3~Yg([)}`=WHS&zRdlyRC<cuKg=Y}Q#0k|IP`a,;0fI{B.IQ_v-xfboPwZSz%+9H'tN{:Jl;CY?(4~(;(196) 335-9816;bandwidth azure;SMS Enhanced;Chanelfort;Wallis and Futuna;2
3;Jose;Lehner;MALE;ba7ivQR.La:Mb.gXy5@Fl:YYh*p_{6lr`|+!GYSdJ,9*I(NdgNH9cSIz"SsJ/o9}'`03l7X(cbe+AA<'Xpm0]!DJzZot.'dO,Nh:o{t3?~gd91%<,{{xAdNPWyjlY(%Pg0v]qI8Qz]AD$|K76Yl?2Uib)])ca-3=f"Xg6&^I;(613) 237-7888 x84786;Unbranded Cheese Dynamic;Alabama transform;Ondrickashire;Albania;1
4;Carolina;Gutmann;OTHER;V40)P&Ma&0(:clb\Z~/qt?Fu1i6:)uDR+wN{xZo5_&i},X[w7ks{l{AhrP?!ea*4'{utZQ^2Mv7-#@7+s^2*^(>).abhI.Jh5j61K'31Z;(317) 367-8763 x550;turn-key dedicated;Wisconsin;Huelport;Togo;2
5;London;Kemmer;OTHER;XKXS'v+(X$Iww$hIW+d$w;Qs@dvTrdU_Z64\QZLn]E$..;076.019.9492 x983;Automotive Tactics architectures;Wisconsin Facilitator Incredible;West Claud;Svalbard & Jan Mayen Islands;1
6;Emile;Kuhic;MALE;noybyx?~#L8)Fe_dJKU$2lt$_R{7q~vfNGD.r8kX:Fyj[iaN|@'t,q{GBGHsh8u\oD|4|XX)W%OwU+Z&IZ`Zu::nPq:kK+|*2"_?>Orh}o/DB|Hw%]SI}cE?6kt=F[laHm$<_>brw/BlO*~~"wh&yg^.'.;gpV7Z;(026) 693-1252;portal calculating Metal;real-time discrete redundant;Gaylordhaven;Namibia;2
7;Arnaldo;Langosh;OTHER;o>35A\';bn*:tqsPI)lI2\%^Sm)b8QPc~u^e9S7MtmM'5Oz/,@tY(=A<j.Fqi*HM>yg+-D[o8oPJW[%~#?14LHXZ.RqrdodDkeLC5\B$+OXgh]/t?~zoM}2Z|>$z`HC)'q5*Q;708.830.3504;Argentine Peso implementation;Wallis and Futuna;Lake Lance;Sweden;1
8;Demarco;Bashirian;OTHER;}hJ-OZ[t+2xpBV.7Epe-?ExUEDl=THMzSbvG%*a8CWrJiu_h<nAj4!C88o%5dS9z@lE0pHhRw$my8=[.LR8>14&!=?J5$_WdT-Q|}mHM.D5\4:(]i`S5i#3VJ:~.4ptxqxR?{4MUtG^N;fo^PvF;'C%2l)Ut8d;722-964-0801 x54566;panel;Analyst card Licensed Cotton Ball;South Natalie;Belarus;1
9;Alda;Denesik;FEMALE;5U:ZI][!zvFFN4D_j!Au)(+"qHnv1=}r,X@g7Ywx[715FL>X2:m&?0&).9a`T*ahr'i5~dzi7<()O2`7UNpc0`tfWn#;n1.'kA.X)Ljk{1X^DP!=-|37E6$SU-%T+TW5"XKCF\L|<k4"t;(250) 716-9269;alarm Jamaica;system Gorgeous Rubber Pants;Lake Blanchetown;Grenada;1
10;Audreanne;Bayer;MALE;]am1M/]o+K)e6d;eyE)6EU.U_Bc0HUG1Dii3:l61)gLE@1p%=bvaF[RnwOrsM6p~-Yr5*>da,0`gNQ2}h+bp$12cXcW^gRF/f}oXRq1izVL~:TKxl2/wd9h~Yl.?V&:,<8:5[[\M>E53bExE%6"o2Doh.K|`\,t_>;484.314.4630 x6968;explicit;Personal Loan Account;Jevonhaven;Maldives;2
